step;id;q_stock;q_consumed;q_wasted
0;1;0;0;0
0;2;0;0;0
0;3;20;0;0
0;4;20;0;0
0;5;0;0;0
0;6;0;0;0
0;7;0;0;0
1;1;0;0;0
1;2;0;0;0
1;3;32;0;0
1;4;31;0;0
1;5;0;0;0
1;6;0;0;0
1;7;0;0;0
2;1;0;0;0
2;2;0;0;0
2;3;44;0;0
2;4;40;0;0
2;5;0;0;0
2;6;0;0;0
2;7;0;0;0
3;1;0;0;0
3;2;0;0;0
3;3;56;0;0
3;4;53;0;0
3;5;0;0;0
3;6;0;0;0
3;7;0;0;0
4;1;0;0;0
4;2;0;0;0
4;3;68;0;0
4;4;64;0;0
4;5;0;0;0
4;6;0;0;0
4;7;0;0;0
5;1;0;0;0
5;2;0;0;0
5;3;80;0;0
5;4;76;0;0
5;5;0;0;0
5;6;0;0;0
5;7;0;0;0
6;1;0;0;0
6;2;0;0;0
6;3;92;0;0
6;4;87;0;0
6;5;0;0;0
6;6;0;0;0
6;7;0;0;0
7;1;0;0;0
7;2;0;0;0
7;3;104;0;0
7;4;98;0;0
7;5;0;0;0
7;6;0;0;0
7;7;0;0;0
8;1;0;0;0
8;2;0;0;0
8;3;116;0;0
8;4;108;0;0
8;5;0;0;0
8;6;0;0;0
8;7;0;0;0
9;1;0;0;0
9;2;0;0;0
9;3;48;0;0
9;4;120;0;0
9;5;80;0;0
9;6;0;0;0
9;7;0;0;0
10;1;0;0;0
10;2;0;0;0
10;3;60;0;0
10;4;131;0;0
10;5;80;0;0
10;6;0;0;0
10;7;0;0;0
11;1;0;0;0
11;2;0;0;0
11;3;72;0;0
11;4;66;0;0
11;5;0;0;0
11;6;76;0;0
11;7;0;0;0
12;1;0;0;0
12;2;80;0;0
12;3;84;0;0
12;4;78;0;0
12;5;0;0;0
12;6;76;0;0
12;7;0;0;0
13;1;0;0;0
13;2;80;0;0
13;3;96;0;0
13;4;90;0;0
13;5;0;0;0
13;6;0;0;0
13;7;0;0;0
14;1;0;0;0
14;2;156;0;0
14;3;108;0;0
14;4;101;0;0
14;5;0;0;0
14;6;0;0;0
14;7;0;0;0
15;1;0;0;0
15;2;0;0;0
15;3;120;0;0
15;4;112;0;0
15;5;0;0;0
15;6;0;0;0
15;7;0;0;0
16;1;0;156;0
16;2;0;0;0
16;3;48;0;0
16;4;122;0;0
16;5;84;0;0
16;6;0;0;0
16;7;0;0;0
17;1;0;156;0
17;2;0;0;0
17;3;60;0;0
17;4;134;0;0
17;5;84;0;0
17;6;0;0;0
17;7;0;0;0
18;1;0;156;0
18;2;0;0;0
18;3;72;0;0
18;4;69;0;0
18;5;0;0;0
18;6;78;0;0
18;7;0;0;0
19;1;0;156;0
19;2;84;0;0
19;3;84;0;0
19;4;80;0;0
19;5;0;0;0
19;6;78;0;0
19;7;0;0;0
20;1;0;156;0
20;2;84;0;0
20;3;96;0;0
20;4;92;0;0
20;5;0;0;0
20;6;0;0;0
20;7;0;0;0
21;1;0;156;0
21;2;162;0;0
21;3;108;0;0
21;4;104;0;0
21;5;0;0;0
21;6;0;0;0
21;7;0;0;0
22;1;0;156;0
22;2;0;0;0
22;3;120;0;0
22;4;115;0;0
22;5;0;0;0
22;6;0;0;0
22;7;0;0;0
23;1;0;318;0
23;2;0;0;0
23;3;48;0;0
23;4;126;0;0
23;5;84;0;0
23;6;0;0;0
23;7;0;0;0
24;1;0;318;0
24;2;0;0;0
24;3;60;0;0
24;4;138;0;0
24;5;84;0;0
24;6;0;0;0
24;7;0;0;0
25;1;0;318;0
25;2;0;0;0
25;3;72;0;0
25;4;69;0;0
25;5;0;0;0
25;6;80;0;0
25;7;0;0;0
26;1;0;318;0
26;2;84;0;0
26;3;84;0;0
26;4;80;0;0
26;5;0;0;0
26;6;80;0;0
26;7;0;0;0
27;1;0;318;0
27;2;84;0;0
27;3;96;0;0
27;4;89;0;0
27;5;0;0;0
27;6;0;0;0
27;7;0;0;0
28;1;0;318;0
28;2;164;0;0
28;3;108;0;0
28;4;100;0;0
28;5;0;0;0
28;6;0;0;0
28;7;0;0;0
29;1;0;318;0
29;2;0;0;0
29;3;120;0;0
29;4;112;0;0
29;5;0;0;0
29;6;0;0;0
29;7;0;0;0
30;1;0;482;0
30;2;0;0;0
30;3;48;0;0
30;4;121;0;0
30;5;84;0;0
30;6;0;0;0
30;7;0;0;0
31;1;0;482;0
31;2;0;0;0
31;3;60;0;0
31;4;132;0;0
31;5;84;0;0
31;6;0;0;0
31;7;0;0;0
32;1;0;482;0
32;2;0;0;0
32;3;72;0;0
32;4;63;0;0
32;5;0;0;0
32;6;80;0;0
32;7;0;0;0
33;1;0;482;0
33;2;84;0;0
33;3;84;0;0
33;4;74;0;0
33;5;0;0;0
33;6;80;0;0
33;7;0;0;0
34;1;0;482;0
34;2;84;0;0
34;3;96;0;0
34;4;86;0;0
34;5;0;0;0
34;6;0;0;0
34;7;0;0;0
35;1;0;482;0
35;2;164;0;0
35;3;108;0;0
35;4;97;0;0
35;5;0;0;0
35;6;0;0;0
35;7;0;0;0
36;1;0;482;0
36;2;12;0;0
36;3;120;0;0
36;4;110;0;0
36;5;0;0;0
36;6;0;0;0
36;7;0;0;0
37;1;0;634;0
37;2;12;0;0
37;3;60;0;0
37;4;120;0;0
37;5;72;0;0
37;6;0;0;0
37;7;0;0;0
38;1;0;634;0
38;2;12;0;0
38;3;72;0;0
38;4;133;0;0
38;5;72;0;0
38;6;0;0;0
38;7;0;0;0
39;1;0;634;0
39;2;12;0;0
39;3;84;0;0
39;4;70;0;0
39;5;0;0;0
39;6;74;0;0
39;7;0;0;0
40;1;0;634;0
40;2;84;0;0
40;3;96;0;0
40;4;81;0;0
40;5;0;0;0
40;6;74;0;0
40;7;0;0;0
41;1;0;634;0
41;2;84;0;0
41;3;108;0;0
41;4;93;0;0
41;5;0;0;0
41;6;0;0;0
41;7;0;0;0
42;1;0;634;0
42;2;158;0;0
42;3;120;0;0
42;4;105;0;0
42;5;0;0;0
42;6;0;0;0
42;7;0;0;0
43;1;0;634;0
43;2;0;0;0
43;3;132;0;0
43;4;115;0;0
43;5;0;0;0
43;6;0;0;0
43;7;0;0;0
44;1;0;792;0
44;2;0;0;0
44;3;60;0;0
44;4;127;0;0
44;5;84;0;0
44;6;0;0;0
44;7;0;0;0
45;1;0;792;0
45;2;0;0;0
45;3;72;0;0
45;4;139;0;0
45;5;84;0;0
45;6;0;0;0
45;7;0;0;0
46;1;0;792;0
46;2;0;0;0
46;3;84;0;0
46;4;69;0;0
46;5;0;0;0
46;6;81;0;0
46;7;0;0;0
47;1;0;792;0
47;2;84;0;0
47;3;96;0;0
47;4;80;0;0
47;5;0;0;0
47;6;81;0;0
47;7;0;0;0
48;1;0;792;0
48;2;84;0;0
48;3;108;0;0
48;4;92;0;0
48;5;0;0;0
48;6;0;0;0
48;7;0;0;0
49;1;0;792;0
49;2;165;0;0
49;3;120;0;0
49;4;104;0;0
49;5;0;0;0
49;6;0;0;0
49;7;0;0;0
50;1;0;792;0
50;2;0;0;0
50;3;132;0;0
50;4;116;0;0
50;5;0;0;0
50;6;0;0;0
50;7;0;0;0
51;1;0;957;0
51;2;0;0;0
51;3;60;0;0
51;4;126;0;0
51;5;84;0;0
51;6;0;0;0
51;7;0;0;0
52;1;0;957;0
52;2;0;0;0
52;3;72;0;0
52;4;138;0;0
52;5;84;0;0
52;6;0;0;0
52;7;0;0;0
53;1;0;957;0
53;2;0;0;0
53;3;84;0;0
53;4;69;0;0
53;5;0;0;0
53;6;80;0;0
53;7;0;0;0
54;1;0;957;0
54;2;84;0;0
54;3;96;0;0
54;4;80;0;0
54;5;0;0;0
54;6;80;0;0
54;7;0;0;0
55;1;0;957;0
55;2;84;0;0
55;3;108;0;0
55;4;90;0;0
55;5;0;0;0
55;6;0;0;0
55;7;0;0;0
56;1;0;957;0
56;2;164;0;0
56;3;120;0;0
56;4;100;0;0
56;5;0;0;0
56;6;0;0;0
56;7;0;0;0
57;1;0;957;0
57;2;12;0;0
57;3;132;0;0
57;4;113;0;0
57;5;0;0;0
57;6;0;0;0
57;7;0;0;0
58;1;0;1109;0
58;2;12;0;0
58;3;72;0;0
58;4;125;0;0
58;5;72;0;0
58;6;0;0;0
58;7;0;0;0
59;1;0;1109;0
59;2;12;0;0
59;3;84;0;0
59;4;137;0;0
59;5;72;0;0
59;6;0;0;0
59;7;0;0;0
60;1;0;1109;0
60;2;12;0;0
60;3;96;0;0
60;4;69;0;0
60;5;0;0;0
60;6;80;0;0
60;7;0;0;0
61;1;0;1109;0
61;2;84;0;0
61;3;108;0;0
61;4;81;0;0
61;5;0;0;0
61;6;80;0;0
61;7;0;0;0
62;1;0;1109;0
62;2;84;0;0
62;3;120;0;0
62;4;92;0;0
62;5;0;0;0
62;6;0;0;0
62;7;0;0;0
63;1;0;1109;0
63;2;164;0;0
63;3;132;0;0
63;4;102;0;0
63;5;0;0;0
63;6;0;0;0
63;7;0;0;0
64;1;0;1109;0
64;2;12;0;0
64;3;144;0;0
64;4;113;0;0
64;5;0;0;0
64;6;0;0;0
64;7;0;0;0
65;1;0;1261;0
65;2;12;0;0
65;3;84;0;0
65;4;125;0;0
65;5;72;0;0
65;6;0;0;0
65;7;0;0;0
66;1;0;1261;0
66;2;12;0;0
66;3;96;0;0
66;4;136;0;0
66;5;72;0;0
66;6;0;0;0
66;7;0;0;0
67;1;0;1261;0
67;2;12;0;0
67;3;108;0;0
67;4;66;0;0
67;5;0;0;0
67;6;81;0;0
67;7;0;0;0
68;1;0;1261;0
68;2;84;0;0
68;3;120;0;0
68;4;77;0;0
68;5;0;0;0
68;6;81;0;0
68;7;0;0;0
69;1;0;1261;0
69;2;84;0;0
69;3;132;0;0
69;4;89;0;0
69;5;0;0;0
69;6;0;0;0
69;7;0;0;0
70;1;0;1261;0
70;2;165;0;0
70;3;144;0;0
70;4;101;0;0
70;5;0;0;0
70;6;0;0;0
70;7;0;0;0
71;1;0;1261;0
71;2;12;0;0
71;3;156;0;0
71;4;113;0;0
71;5;0;0;0
71;6;0;0;0
71;7;0;0;0
72;1;0;1414;0
72;2;12;0;0
72;3;95;0;0
72;4;123;0;0
72;5;73;0;0
72;6;0;0;0
72;7;0;0;0
73;1;0;1414;0
73;2;12;0;0
73;3;107;0;0
73;4;133;0;0
73;5;73;0;0
73;6;0;0;0
73;7;0;0;0
74;1;0;1414;0
74;2;12;0;0
74;3;119;0;0
74;4;68;0;0
74;5;0;0;0
74;6;77;0;0
74;7;0;0;0
75;1;0;1414;0
75;2;85;0;0
75;3;131;0;0
75;4;78;0;0
75;5;0;0;0
75;6;77;0;0
75;7;0;0;0
76;1;0;1414;0
76;2;85;0;0
76;3;143;0;0
76;4;90;0;0
76;5;0;0;0
76;6;0;0;0
76;7;0;0;0
77;1;0;1414;0
77;2;162;0;0
77;3;155;0;0
77;4;101;0;0
77;5;0;0;0
77;6;0;0;0
77;7;0;0;0
78;1;0;1414;0
78;2;12;0;0
78;3;167;0;0
78;4;111;0;0
78;5;0;0;0
78;6;0;0;0
78;7;0;0;0
79;1;0;1564;0
79;2;12;0;0
79;3;106;0;0
79;4;124;0;0
79;5;73;0;0
79;6;0;0;0
79;7;0;0;0
80;1;0;1564;0
80;2;12;0;0
80;3;118;0;0
80;4;136;0;0
80;5;73;0;0
80;6;0;0;0
80;7;0;0;0
81;1;0;1564;0
81;2;12;0;0
81;3;130;0;0
81;4;70;0;0
81;5;0;0;0
81;6;78;0;0
81;7;0;0;0
82;1;0;1564;0
82;2;85;0;0
82;3;142;0;0
82;4;81;0;0
82;5;0;0;0
82;6;78;0;0
82;7;0;0;0
83;1;0;1564;0
83;2;85;0;0
83;3;154;0;0
83;4;93;0;0
83;5;0;0;0
83;6;0;0;0
83;7;0;0;0
84;1;0;1564;0
84;2;163;0;0
84;3;166;0;0
84;4;105;0;0
84;5;0;0;0
84;6;0;0;0
84;7;0;0;0
85;1;0;1564;0
85;2;12;0;0
85;3;178;0;0
85;4;117;0;0
85;5;0;0;0
85;6;0;0;0
85;7;0;0;0
86;1;0;1715;0
86;2;12;0;0
86;3;106;0;0
86;4;129;0;0
86;5;84;0;0
86;6;0;0;0
86;7;0;0;0
87;1;0;1715;0
87;2;12;0;0
87;3;118;0;0
87;4;140;0;0
87;5;84;0;0
87;6;0;0;0
87;7;0;0;0
88;1;0;1715;0
88;2;12;0;0
88;3;130;0;0
88;4;71;0;0
88;5;0;0;0
88;6;81;0;0
88;7;0;0;0
89;1;0;1715;0
89;2;96;0;0
89;3;142;0;0
89;4;83;0;0
89;5;0;0;0
89;6;81;0;0
89;7;0;0;0
90;1;0;1715;0
90;2;96;0;0
90;3;154;0;0
90;4;94;0;0
90;5;0;0;0
90;6;0;0;0
90;7;0;0;0
91;1;0;1715;0
91;2;177;0;0
91;3;166;0;0
91;4;107;0;0
91;5;0;0;0
91;6;0;0;0
91;7;0;0;0
92;1;0;1715;0
92;2;12;0;0
92;3;178;0;0
92;4;119;0;0
92;5;0;0;0
92;6;0;0;0
92;7;0;0;0
93;1;0;1880;0
93;2;12;0;0
93;3;108;0;0
93;4;131;0;0
93;5;82;0;0
93;6;0;0;0
93;7;0;0;0
94;1;0;1880;0
94;2;12;0;0
94;3;120;0;0
94;4;141;0;0
94;5;82;0;0
94;6;0;0;0
94;7;0;0;0
95;1;0;1880;0
95;2;12;0;0
95;3;132;0;0
95;4;70;0;0
95;5;0;0;0
95;6;83;0;0
95;7;0;0;0
96;1;0;1880;0
96;2;94;0;0
96;3;144;0;0
96;4;83;0;0
96;5;0;0;0
96;6;83;0;0
96;7;0;0;0
97;1;0;1880;0
97;2;94;0;0
97;3;156;0;0
97;4;95;0;0
97;5;0;0;0
97;6;0;0;0
97;7;0;0;0
98;1;0;1880;0
98;2;177;0;0
98;3;168;0;0
98;4;107;0;0
98;5;0;0;0
98;6;0;0;0
98;7;0;0;0
99;1;0;1880;0
99;2;12;0;0
99;3;180;0;0
99;4;117;0;0
99;5;0;0;0
99;6;0;0;0
99;7;0;0;0
100;1;0;2045;0
100;2;12;0;0
100;3;110;0;0
100;4;129;0;0
100;5;82;0;0
100;6;0;0;0
100;7;0;0;0
101;1;0;2045;0
101;2;12;0;0
101;3;122;0;0
101;4;140;0;0
101;5;82;0;0
101;6;0;0;0
101;7;0;0;0
102;1;0;2045;0
102;2;12;0;0
102;3;134;0;0
102;4;69;0;0
102;5;0;0;0
102;6;83;0;0
102;7;0;0;0
103;1;0;2045;0
103;2;94;0;0
103;3;146;0;0
103;4;79;0;0
103;5;0;0;0
103;6;83;0;0
103;7;0;0;0
104;1;0;2045;0
104;2;94;0;0
104;3;158;0;0
104;4;90;0;0
104;5;0;0;0
104;6;0;0;0
104;7;0;0;0
105;1;0;2045;0
105;2;177;0;0
105;3;170;0;0
105;4;102;0;0
105;5;0;0;0
105;6;0;0;0
105;7;0;0;0
106;1;0;2045;0
106;2;12;0;0
106;3;182;0;0
106;4;114;0;0
106;5;0;0;0
106;6;0;0;0
106;7;0;0;0
107;1;0;2210;0
107;2;12;0;0
107;3;121;0;0
107;4;126;0;0
107;5;73;0;0
107;6;0;0;0
107;7;0;0;0
108;1;0;2210;0
108;2;12;0;0
108;3;133;0;0
108;4;139;0;0
108;5;73;0;0
108;6;0;0;0
108;7;0;0;0
109;1;0;2210;0
109;2;12;0;0
109;3;145;0;0
109;4;72;0;0
109;5;0;0;0
109;6;79;0;0
109;7;0;0;0
110;1;0;2210;0
110;2;85;0;0
110;3;157;0;0
110;4;82;0;0
110;5;0;0;0
110;6;79;0;0
110;7;0;0;0
111;1;0;2210;0
111;2;85;0;0
111;3;169;0;0
111;4;90;0;0
111;5;0;0;0
111;6;0;0;0
111;7;0;0;0
112;1;0;2210;0
112;2;164;0;0
112;3;181;0;0
112;4;100;0;0
112;5;0;0;0
112;6;0;0;0
112;7;0;0;0
113;1;0;2210;0
113;2;12;0;0
113;3;193;0;0
113;4;111;0;0
113;5;0;0;0
113;6;0;0;0
113;7;0;0;0
114;1;0;2362;0
114;2;12;0;0
114;3;131;0;0
114;4;124;0;0
114;5;74;0;0
114;6;0;0;0
114;7;0;0;0
115;1;0;2362;0
115;2;12;0;0
115;3;143;0;0
115;4;133;0;0
115;5;74;0;0
115;6;0;0;0
115;7;0;0;0
116;1;0;2362;0
116;2;12;0;0
116;3;155;0;0
116;4;64;0;0
116;5;0;0;0
116;6;82;0;0
116;7;0;0;0
117;1;0;2362;0
117;2;86;0;0
117;3;167;0;0
117;4;76;0;0
117;5;0;0;0
117;6;82;0;0
117;7;0;0;0
118;1;0;2362;0
118;2;86;0;0
118;3;179;0;0
118;4;86;0;0
118;5;0;0;0
118;6;0;0;0
118;7;0;0;0
119;1;0;2362;0
119;2;168;0;0
119;3;191;0;0
119;4;97;0;0
119;5;0;0;0
119;6;0;0;0
119;7;0;0;0
120;1;0;2362;0
120;2;12;0;0
120;3;203;0;0
120;4;110;0;0
120;5;0;0;0
120;6;0;0;0
120;7;0;0;0
121;1;0;2518;0
121;2;12;0;0
121;3;140;0;0
121;4;120;0;0
121;5;75;0;0
121;6;0;0;0
121;7;0;0;0
122;1;0;2518;0
122;2;12;0;0
122;3;152;0;0
122;4;132;0;0
122;5;75;0;0
122;6;0;0;0
122;7;0;0;0
123;1;0;2518;0
123;2;12;0;0
123;3;164;0;0
123;4;68;0;0
123;5;0;0;0
123;6;76;0;0
123;7;0;0;0
124;1;0;2518;0
124;2;87;0;0
124;3;176;0;0
124;4;79;0;0
124;5;0;0;0
124;6;76;0;0
124;7;0;0;0
125;1;0;2518;0
125;2;87;0;0
125;3;188;0;0
125;4;91;0;0
125;5;0;0;0
125;6;0;0;0
125;7;0;0;0
126;1;0;2518;0
126;2;163;0;0
126;3;200;0;0
126;4;103;0;0
126;5;0;0;0
126;6;0;0;0
126;7;0;0;0
127;1;0;2518;0
127;2;12;0;0
127;3;212;0;0
127;4;113;0;0
127;5;0;0;0
127;6;0;0;0
127;7;0;0;0
128;1;0;2669;0
128;2;12;0;0
128;3;141;0;0
128;4;125;0;0
128;5;83;0;0
128;6;0;0;0
128;7;0;0;0
129;1;0;2669;0
129;2;12;0;0
129;3;153;0;0
129;4;136;0;0
129;5;83;0;0
129;6;0;0;0
129;7;0;0;0
130;1;0;2669;0
130;2;12;0;0
130;3;165;0;0
130;4;68;0;0
130;5;0;0;0
130;6;79;0;0
130;7;0;0;0
131;1;0;2669;0
131;2;95;0;0
131;3;177;0;0
131;4;81;0;0
131;5;0;0;0
131;6;79;0;0
131;7;0;0;0
132;1;0;2669;0
132;2;95;0;0
132;3;189;0;0
132;4;91;0;0
132;5;0;0;0
132;6;0;0;0
132;7;0;0;0
133;1;0;2669;0
133;2;174;0;0
133;3;201;0;0
133;4;101;0;0
133;5;0;0;0
133;6;0;0;0
133;7;0;0;0
134;1;0;2669;0
134;2;12;0;0
134;3;213;0;0
134;4;112;0;0
134;5;0;0;0
134;6;0;0;0
134;7;0;0;0
135;1;0;2831;0
135;2;12;0;0
135;3;145;0;0
135;4;124;0;0
135;5;80;0;0
135;6;0;0;0
135;7;0;0;0
136;1;0;2831;0
136;2;12;0;0
136;3;157;0;0
136;4;135;0;0
136;5;80;0;0
136;6;0;0;0
136;7;0;0;0
137;1;0;2831;0
137;2;12;0;0
137;3;169;0;0
137;4;65;0;0
137;5;0;0;0
137;6;81;0;0
137;7;0;0;0
138;1;0;2831;0
138;2;92;0;0
138;3;181;0;0
138;4;76;0;0
138;5;0;0;0
138;6;81;0;0
138;7;0;0;0
139;1;0;2831;0
139;2;92;0;0
139;3;193;0;0
139;4;88;0;0
139;5;0;0;0
139;6;0;0;0
139;7;0;0;0
140;1;0;2831;0
140;2;173;0;0
140;3;205;0;0
140;4;99;0;0
140;5;0;0;0
140;6;0;0;0
140;7;0;0;0
141;1;0;2831;0
141;2;12;0;0
141;3;217;0;0
141;4;111;0;0
141;5;0;0;0
141;6;0;0;0
141;7;0;0;0
142;1;0;2992;0
142;2;12;0;0
142;3;147;0;0
142;4;123;0;0
142;5;82;0;0
142;6;0;0;0
142;7;0;0;0
143;1;0;2992;0
143;2;12;0;0
143;3;159;0;0
143;4;134;0;0
143;5;82;0;0
143;6;0;0;0
143;7;0;0;0
144;1;0;2992;0
144;2;12;0;0
144;3;171;0;0
144;4;69;0;0
144;5;0;0;0
144;6;76;0;0
144;7;0;0;0
145;1;0;2992;0
145;2;94;0;0
145;3;183;0;0
145;4;80;0;0
145;5;0;0;0
145;6;76;0;0
145;7;0;0;0
146;1;0;2992;0
146;2;94;0;0
146;3;195;0;0
146;4;90;0;0
146;5;0;0;0
146;6;0;0;0
146;7;0;0;0
147;1;0;2992;0
147;2;170;0;0
147;3;207;0;0
147;4;102;0;0
147;5;0;0;0
147;6;0;0;0
147;7;0;0;0
148;1;0;2992;0
148;2;12;0;0
148;3;219;0;0
148;4;114;0;0
148;5;0;0;0
148;6;0;0;0
148;7;0;0;0
149;1;0;3150;0
149;2;12;0;0
149;3;158;0;0
149;4;126;0;0
149;5;73;0;0
149;6;0;0;0
149;7;0;0;0
150;1;0;3150;0
150;2;12;0;0
150;3;170;0;0
150;4;137;0;0
150;5;73;0;0
150;6;0;0;0
150;7;0;0;0
151;1;0;3150;0
151;2;12;0;0
151;3;182;0;0
151;4;69;0;0
151;5;0;0;0
151;6;80;0;0
151;7;0;0;0
152;1;0;3150;0
152;2;85;0;0
152;3;194;0;0
152;4;80;0;0
152;5;0;0;0
152;6;80;0;0
152;7;0;0;0
153;1;0;3150;0
153;2;85;0;0
153;3;206;0;0
153;4;91;0;0
153;5;0;0;0
153;6;0;0;0
153;7;0;0;0
154;1;0;3150;0
154;2;165;0;0
154;3;218;0;0
154;4;104;0;0
154;5;0;0;0
154;6;0;0;0
154;7;0;0;0
155;1;0;3150;0
155;2;0;0;0
155;3;230;0;0
155;4;115;0;0
155;5;0;0;0
155;6;0;0;0
155;7;0;0;0
156;1;0;3315;0
156;2;0;0;0
156;3;167;0;0
156;4;126;0;0
156;5;75;0;0
156;6;0;0;0
156;7;0;0;0
157;1;0;3315;0
157;2;0;0;0
157;3;179;0;0
157;4;138;0;0
157;5;75;0;0
157;6;0;0;0
157;7;0;0;0
158;1;0;3315;0
158;2;0;0;0
158;3;191;0;0
158;4;70;0;0
158;5;0;0;0
158;6;80;0;0
158;7;0;0;0
159;1;0;3315;0
159;2;75;0;0
159;3;203;0;0
159;4;81;0;0
159;5;0;0;0
159;6;80;0;0
159;7;0;0;0
160;1;0;3315;0
160;2;75;0;0
160;3;215;0;0
160;4;93;0;0
160;5;0;0;0
160;6;0;0;0
160;7;0;0;0
161;1;0;3315;0
161;2;155;0;0
161;3;227;0;0
161;4;105;0;0
161;5;0;0;0
161;6;0;0;0
161;7;0;0;0
162;1;0;3315;0
162;2;0;0;0
162;3;239;0;0
162;4;116;0;0
162;5;0;0;0
162;6;0;0;0
162;7;0;0;0
163;1;0;3470;0
163;2;0;0;0
163;3;178;0;0
163;4;128;0;0
163;5;73;0;0
163;6;0;0;0
163;7;0;0;0
164;1;0;3470;0
164;2;0;0;0
164;3;190;0;0
164;4;140;0;0
164;5;73;0;0
164;6;0;0;0
164;7;0;0;0
165;1;0;3470;0
165;2;0;0;0
165;3;202;0;0
165;4;70;0;0
165;5;0;0;0
165;6;81;0;0
165;7;0;0;0
166;1;0;3470;0
166;2;73;0;0
166;3;214;0;0
166;4;81;0;0
166;5;0;0;0
166;6;81;0;0
166;7;0;0;0
167;1;0;3470;0
167;2;73;0;0
167;3;226;0;0
167;4;91;0;0
167;5;0;0;0
167;6;0;0;0
167;7;0;0;0
168;1;0;3470;0
168;2;154;0;0
168;3;238;0;0
168;4;103;0;0
168;5;0;0;0
168;6;0;0;0
168;7;0;0;0
169;1;0;3470;0
169;2;0;0;0
169;3;250;0;0
169;4;113;0;0
169;5;0;0;0
169;6;0;0;0
169;7;0;0;0
170;1;0;3624;0
170;2;0;0;0
170;3;179;0;0
170;4;124;0;0
170;5;83;0;0
170;6;0;0;0
170;7;0;0;0
171;1;0;3624;0
171;2;0;0;0
171;3;191;0;0
171;4;136;0;0
171;5;83;0;0
171;6;0;0;0
171;7;0;0;0
172;1;0;3624;0
172;2;0;0;0
172;3;203;0;0
172;4;66;0;0
172;5;0;0;0
172;6;81;0;0
172;7;0;0;0
173;1;0;3624;0
173;2;83;0;0
173;3;215;0;0
173;4;77;0;0
173;5;0;0;0
173;6;81;0;0
173;7;0;0;0
174;1;0;3624;0
174;2;83;0;0
174;3;227;0;0
174;4;88;0;0
174;5;0;0;0
174;6;0;0;0
174;7;0;0;0
175;1;0;3624;0
175;2;164;0;0
175;3;239;0;0
175;4;100;0;0
175;5;0;0;0
175;6;0;0;0
175;7;0;0;0
176;1;0;3624;0
176;2;0;0;0
176;3;251;0;0
176;4;111;0;0
176;5;0;0;0
176;6;0;0;0
176;7;0;0;0
177;1;0;3788;0
177;2;0;0;0
177;3;191;0;0
177;4;123;0;0
177;5;72;0;0
177;6;0;0;0
177;7;0;0;0
178;1;0;3788;0
178;2;0;0;0
178;3;203;0;0
178;4;136;0;0
178;5;72;0;0
178;6;0;0;0
178;7;0;0;0
179;1;0;3788;0
179;2;0;0;0
179;3;215;0;0
179;4;71;0;0
179;5;0;0;0
179;6;77;0;0
179;7;0;0;0
180;1;0;3788;0
180;2;72;0;0
180;3;227;0;0
180;4;85;0;0
180;5;0;0;0
180;6;77;0;0
180;7;0;0;0
181;1;0;3788;0
181;2;72;0;0
181;3;239;0;0
181;4;96;0;0
181;5;0;0;0
181;6;0;0;0
181;7;0;0;0
182;1;0;3788;0
182;2;149;0;0
182;3;251;0;0
182;4;106;0;0
182;5;0;0;0
182;6;0;0;0
182;7;0;0;0
183;1;0;3788;0
183;2;0;0;0
183;3;263;0;0
183;4;118;0;0
183;5;0;0;0
183;6;0;0;0
183;7;0;0;0
184;1;0;3937;0
184;2;0;0;0
184;3;191;0;0
184;4;130;0;0
184;5;84;0;0
184;6;0;0;0
184;7;0;0;0
185;1;0;3937;0
185;2;0;0;0
185;3;203;0;0
185;4;143;0;0
185;5;84;0;0
185;6;0;0;0
185;7;0;0;0
186;1;0;3937;0
186;2;0;0;0
186;3;215;0;0
186;4;84;0;0
186;5;0;0;0
186;6;71;0;0
186;7;0;0;0
187;1;0;3937;0
187;2;84;0;0
187;3;227;0;0
187;4;96;0;0
187;5;0;0;0
187;6;71;0;0
187;7;0;0;0
188;1;0;3937;0
188;2;84;0;0
188;3;239;0;0
188;4;107;0;0
188;5;0;0;0
188;6;0;0;0
188;7;0;0;0
189;1;0;3937;0
189;2;155;0;0
189;3;251;0;0
189;4;119;0;0
189;5;0;0;0
189;6;0;0;0
189;7;0;0;0
190;1;0;3937;0
190;2;12;0;0
190;3;263;0;0
190;4;129;0;0
190;5;0;0;0
190;6;0;0;0
190;7;0;0;0
191;1;0;4080;0
191;2;12;0;0
191;3;203;0;0
191;4;140;0;0
191;5;72;0;0
191;6;0;0;0
191;7;0;0;0
192;1;0;4080;0
192;2;12;0;0
192;3;215;0;0
192;4;152;0;0
192;5;72;0;0
192;6;0;0;0
192;7;0;0;0
193;1;0;4080;0
193;2;12;0;0
193;3;227;0;0
193;4;93;0;0
193;5;0;0;0
193;6;71;0;0
193;7;0;0;0
194;1;0;4080;0
194;2;84;0;0
194;3;239;0;0
194;4;105;0;0
194;5;0;0;0
194;6;71;0;0
194;7;0;0;0
195;1;0;4080;0
195;2;84;0;0
195;3;251;0;0
195;4;115;0;0
195;5;0;0;0
195;6;0;0;0
195;7;0;0;0
196;1;0;4080;0
196;2;155;0;0
196;3;263;0;0
196;4;126;0;0
196;5;0;0;0
196;6;0;0;0
196;7;0;0;0
197;1;0;4080;0
197;2;0;0;0
197;3;275;0;0
197;4;137;0;0
197;5;0;0;0
197;6;0;0;0
197;7;0;0;0
198;1;0;4235;0
198;2;0;0;0
198;3;203;0;0
198;4;146;0;0
198;5;84;0;0
198;6;0;0;0
198;7;0;0;0
199;1;0;4235;0
199;2;0;0;0
199;3;215;0;0
199;4;157;0;0
199;5;84;0;0
199;6;0;0;0
199;7;0;0;0
200;1;0;4235;0
200;2;0;0;0
200;3;227;0;0
200;4;87;0;0
200;5;0;0;0
200;6;81;0;0
200;7;0;0;0
201;1;0;4235;0
201;2;84;0;0
201;3;239;0;0
201;4;98;0;0
201;5;0;0;0
201;6;81;0;0
201;7;0;0;0
202;1;0;4235;0
202;2;84;0;0
202;3;251;0;0
202;4;111;0;0
202;5;0;0;0
202;6;0;0;0
202;7;0;0;0
203;1;0;4235;0
203;2;165;0;0
203;3;263;0;0
203;4;123;0;0
203;5;0;0;0
203;6;0;0;0
203;7;0;0;0
204;1;0;4235;0
204;2;0;0;0
204;3;275;0;0
204;4;134;0;0
204;5;0;0;0
204;6;0;0;0
204;7;0;0;0
205;1;0;4400;0
205;2;0;0;0
205;3;203;0;0
205;4;146;0;0
205;5;84;0;0
205;6;0;0;0
205;7;0;0;0
206;1;0;4400;0
206;2;0;0;0
206;3;215;0;0
206;4;157;0;0
206;5;84;0;0
206;6;0;0;0
206;7;0;0;0
207;1;0;4400;0
207;2;0;0;0
207;3;227;0;0
207;4;86;0;0
207;5;0;0;0
207;6;83;0;0
207;7;0;0;0
208;1;0;4400;0
208;2;84;0;0
208;3;239;0;0
208;4;99;0;0
208;5;0;0;0
208;6;83;0;0
208;7;0;0;0
209;1;0;4400;0
209;2;84;0;0
209;3;251;0;0
209;4;112;0;0
209;5;0;0;0
209;6;0;0;0
209;7;0;0;0
210;1;0;4400;0
210;2;167;0;0
210;3;263;0;0
210;4;123;0;0
210;5;0;0;0
210;6;0;0;0
210;7;0;0;0
211;1;0;4400;0
211;2;12;0;0
211;3;275;0;0
211;4;136;0;0
211;5;0;0;0
211;6;0;0;0
211;7;0;0;0
212;1;0;4555;0
212;2;12;0;0
212;3;204;0;0
212;4;146;0;0
212;5;83;0;0
212;6;0;0;0
212;7;0;0;0
213;1;0;4555;0
213;2;12;0;0
213;3;216;0;0
213;4;157;0;0
213;5;83;0;0
213;6;0;0;0
213;7;0;0;0
214;1;0;4555;0
214;2;12;0;0
214;3;228;0;0
214;4;84;0;0
214;5;0;0;0
214;6;84;0;0
214;7;0;0;0
215;1;0;4555;0
215;2;95;0;0
215;3;240;0;0
215;4;94;0;0
215;5;0;0;0
215;6;84;0;0
215;7;0;0;0
216;1;0;4555;0
216;2;95;0;0
216;3;252;0;0
216;4;105;0;0
216;5;0;0;0
216;6;0;0;0
216;7;0;0;0
217;1;0;4555;0
217;2;179;0;0
217;3;264;0;0
217;4;116;0;0
217;5;0;0;0
217;6;0;0;0
217;7;0;0;0
218;1;0;4555;0
218;2;24;0;0
218;3;276;0;0
218;4;128;0;0
218;5;0;0;0
218;6;0;0;0
218;7;0;0;0
219;1;0;4710;0
219;2;24;0;0
219;3;216;0;0
219;4;140;0;0
219;5;72;0;0
219;6;0;0;0
219;7;0;0;0
220;1;0;4710;0
220;2;24;0;0
220;3;228;0;0
220;4;151;0;0
220;5;72;0;0
220;6;0;0;0
220;7;0;0;0
221;1;0;4710;0
221;2;24;0;0
221;3;240;0;0
221;4;91;0;0
221;5;0;0;0
221;6;73;0;0
221;7;0;0;0
222;1;0;4710;0
222;2;96;0;0
222;3;252;0;0
222;4;102;0;0
222;5;0;0;0
222;6;73;0;0
222;7;0;0;0
223;1;0;4710;0
223;2;96;0;0
223;3;264;0;0
223;4;114;0;0
223;5;0;0;0
223;6;0;0;0
223;7;0;0;0
224;1;0;4710;0
224;2;169;0;0
224;3;276;0;0
224;4;128;0;0
224;5;0;0;0
224;6;0;0;0
224;7;0;0;0
225;1;0;4710;0
225;2;23;0;0
225;3;288;0;0
225;4;138;0;0
225;5;0;0;0
225;6;0;0;0
225;7;0;0;0
226;1;0;4856;0
226;2;23;0;0
226;3;227;0;0
226;4;150;0;0
226;5;73;0;0
226;6;0;0;0
226;7;0;0;0
227;1;0;4856;0
227;2;23;0;0
227;3;239;0;0
227;4;162;0;0
227;5;73;0;0
227;6;0;0;0
227;7;0;0;0
228;1;0;4856;0
228;2;23;0;0
228;3;251;0;0
228;4;93;0;0
228;5;0;0;0
228;6;81;0;0
228;7;0;0;0
229;1;0;4856;0
229;2;96;0;0
229;3;263;0;0
229;4;105;0;0
229;5;0;0;0
229;6;81;0;0
229;7;0;0;0
230;1;0;4856;0
230;2;96;0;0
230;3;275;0;0
230;4;116;0;0
230;5;0;0;0
230;6;0;0;0
230;7;0;0;0
231;1;0;4856;0
231;2;177;0;0
231;3;287;0;0
231;4;127;0;0
231;5;0;0;0
231;6;0;0;0
231;7;0;0;0
232;1;0;4856;0
232;2;24;0;0
232;3;299;0;0
232;4;140;0;0
232;5;0;0;0
232;6;0;0;0
232;7;0;0;0
233;1;0;5009;0
233;2;24;0;0
233;3;236;0;0
233;4;151;0;0
233;5;75;0;0
233;6;0;0;0
233;7;0;0;0
234;1;0;5009;0
234;2;24;0;0
234;3;248;0;0
234;4;163;0;0
234;5;75;0;0
234;6;0;0;0
234;7;0;0;0
235;1;0;5009;0
235;2;24;0;0
235;3;260;0;0
235;4;95;0;0
235;5;0;0;0
235;6;79;0;0
235;7;0;0;0
236;1;0;5009;0
236;2;99;0;0
236;3;272;0;0
236;4;105;0;0
236;5;0;0;0
236;6;79;0;0
236;7;0;0;0
237;1;0;5009;0
237;2;99;0;0
237;3;284;0;0
237;4;118;0;0
237;5;0;0;0
237;6;0;0;0
237;7;0;0;0
238;1;0;5009;0
238;2;178;0;0
238;3;296;0;0
238;4;129;0;0
238;5;0;0;0
238;6;0;0;0
238;7;0;0;0
239;1;0;5009;0
239;2;24;0;0
239;3;308;0;0
239;4;141;0;0
239;5;0;0;0
239;6;0;0;0
239;7;0;0;0
240;1;0;5163;0
240;2;24;0;0
240;3;246;0;0
240;4;152;0;0
240;5;74;0;0
240;6;0;0;0
240;7;0;0;0
241;1;0;5163;0
241;2;24;0;0
241;3;258;0;0
241;4;161;0;0
241;5;74;0;0
241;6;0;0;0
241;7;0;0;0
242;1;0;5163;0
242;2;24;0;0
242;3;270;0;0
242;4;95;0;0
242;5;0;0;0
242;6;78;0;0
242;7;0;0;0
243;1;0;5163;0
243;2;98;0;0
243;3;282;0;0
243;4;107;0;0
243;5;0;0;0
243;6;78;0;0
243;7;0;0;0
244;1;0;5163;0
244;2;98;0;0
244;3;294;0;0
244;4;118;0;0
244;5;0;0;0
244;6;0;0;0
244;7;0;0;0
245;1;0;5163;0
245;2;176;0;0
245;3;306;0;0
245;4;128;0;0
245;5;0;0;0
245;6;0;0;0
245;7;0;0;0
246;1;0;5163;0
246;2;24;0;0
246;3;318;0;0
246;4;140;0;0
246;5;0;0;0
246;6;0;0;0
246;7;0;0;0
247;1;0;5315;0
247;2;24;0;0
247;3;247;0;0
247;4;152;0;0
247;5;83;0;0
247;6;0;0;0
247;7;0;0;0
248;1;0;5315;0
248;2;24;0;0
248;3;259;0;0
248;4;163;0;0
248;5;83;0;0
248;6;0;0;0
248;7;0;0;0
249;1;0;5315;0
249;2;24;0;0
249;3;271;0;0
249;4;98;0;0
249;5;0;0;0
249;6;76;0;0
249;7;0;0;0
250;1;0;5315;0
250;2;107;0;0
250;3;283;0;0
250;4;110;0;0
250;5;0;0;0
250;6;76;0;0
250;7;0;0;0
251;1;0;5315;0
251;2;107;0;0
251;3;295;0;0
251;4;121;0;0
251;5;0;0;0
251;6;0;0;0
251;7;0;0;0
252;1;0;5315;0
252;2;183;0;0
252;3;307;0;0
252;4;133;0;0
252;5;0;0;0
252;6;0;0;0
252;7;0;0;0
253;1;0;5315;0
253;2;23;0;0
253;3;319;0;0
253;4;143;0;0
253;5;0;0;0
253;6;0;0;0
253;7;0;0;0
254;1;0;5475;0
254;2;23;0;0
254;3;250;0;0
254;4;157;0;0
254;5;81;0;0
254;6;0;0;0
254;7;0;0;0
255;1;0;5475;0
255;2;23;0;0
255;3;262;0;0
255;4;169;0;0
255;5;81;0;0
255;6;0;0;0
255;7;0;0;0
256;1;0;5475;0
256;2;23;0;0
256;3;274;0;0
256;4;101;0;0
256;5;0;0;0
256;6;79;0;0
256;7;0;0;0
257;1;0;5475;0
257;2;104;0;0
257;3;286;0;0
257;4;115;0;0
257;5;0;0;0
257;6;79;0;0
257;7;0;0;0
258;1;0;5475;0
258;2;104;0;0
258;3;298;0;0
258;4;127;0;0
258;5;0;0;0
258;6;0;0;0
258;7;0;0;0
259;1;0;5475;0
259;2;183;0;0
259;3;310;0;0
259;4;138;0;0
259;5;0;0;0
259;6;0;0;0
259;7;0;0;0
260;1;0;5475;0
260;2;23;0;0
260;3;322;0;0
260;4;150;0;0
260;5;0;0;0
260;6;0;0;0
260;7;0;0;0
261;1;0;5635;0
261;2;23;0;0
261;3;255;0;0
261;4;160;0;0
261;5;79;0;0
261;6;0;0;0
261;7;0;0;0
262;1;0;5635;0
262;2;23;0;0
262;3;267;0;0
262;4;173;0;0
262;5;79;0;0
262;6;0;0;0
262;7;0;0;0
263;1;0;5635;0
263;2;23;0;0
263;3;279;0;0
263;4;101;0;0
263;5;0;0;0
263;6;84;0;0
263;7;0;0;0
264;1;0;5635;0
264;2;102;0;0
264;3;291;0;0
264;4;113;0;0
264;5;0;0;0
264;6;84;0;0
264;7;0;0;0
265;1;0;5635;0
265;2;102;0;0
265;3;303;0;0
265;4;126;0;0
265;5;0;0;0
265;6;0;0;0
265;7;0;0;0
266;1;0;5635;0
266;2;186;0;0
266;3;315;0;0
266;4;137;0;0
266;5;0;0;0
266;6;0;0;0
266;7;0;0;0
267;1;0;5635;0
267;2;24;0;0
267;3;327;0;0
267;4;148;0;0
267;5;0;0;0
267;6;0;0;0
267;7;0;0;0
268;1;0;5797;0
268;2;24;0;0
268;3;259;0;0
268;4;157;0;0
268;5;80;0;0
268;6;0;0;0
268;7;0;0;0
269;1;0;5797;0
269;2;24;0;0
269;3;271;0;0
269;4;169;0;0
269;5;80;0;0
269;6;0;0;0
269;7;0;0;0
270;1;0;5797;0
270;2;24;0;0
270;3;283;0;0
270;4;105;0;0
270;5;0;0;0
270;6;76;0;0
270;7;0;0;0
271;1;0;5797;0
271;2;104;0;0
271;3;295;0;0
271;4;118;0;0
271;5;0;0;0
271;6;76;0;0
271;7;0;0;0
272;1;0;5797;0
272;2;104;0;0
272;3;307;0;0
272;4;130;0;0
272;5;0;0;0
272;6;0;0;0
272;7;0;0;0
273;1;0;5797;0
273;2;180;0;0
273;3;319;0;0
273;4;140;0;0
273;5;0;0;0
273;6;0;0;0
273;7;0;0;0
274;1;0;5797;0
274;2;22;0;0
274;3;331;0;0
274;4;153;0;0
274;5;0;0;0
274;6;0;0;0
274;7;0;0;0
275;1;0;5955;0
275;2;22;0;0
275;3;262;0;0
275;4;167;0;0
275;5;81;0;0
275;6;0;0;0
275;7;0;0;0
276;1;0;5955;0
276;2;22;0;0
276;3;274;0;0
276;4;178;0;0
276;5;81;0;0
276;6;0;0;0
276;7;0;0;0
277;1;0;5955;0
277;2;22;0;0
277;3;286;0;0
277;4;117;0;0
277;5;0;0;0
277;6;73;0;0
277;7;0;0;0
278;1;0;5955;0
278;2;103;0;0
278;3;298;0;0
278;4;130;0;0
278;5;0;0;0
278;6;73;0;0
278;7;0;0;0
279;1;0;5955;0
279;2;103;0;0
279;3;310;0;0
279;4;143;0;0
279;5;0;0;0
279;6;0;0;0
279;7;0;0;0
280;1;0;5955;0
280;2;176;0;0
280;3;322;0;0
280;4;156;0;0
280;5;0;0;0
280;6;0;0;0
280;7;0;0;0
281;1;0;5955;0
281;2;12;0;0
281;3;334;0;0
281;4;168;0;0
281;5;0;0;0
281;6;0;0;0
281;7;0;0;0
282;1;0;6119;0
282;2;12;0;0
282;3;273;0;0
282;4;178;0;0
282;5;73;0;0
282;6;0;0;0
282;7;0;0;0
283;1;0;6119;0
283;2;12;0;0
283;3;285;0;0
283;4;192;0;0
283;5;73;0;0
283;6;0;0;0
283;7;0;0;0
284;1;0;6119;0
284;2;12;0;0
284;3;297;0;0
284;4;121;0;0
284;5;0;0;1
284;6;83;0;0
284;7;0;0;0
285;1;0;6119;0
285;2;84;0;0
285;3;307;0;2
285;4;134;0;0
285;5;0;0;1
285;6;83;0;0
285;7;0;0;0
286;1;0;6119;0
286;2;84;0;0
286;3;319;0;2
286;4;147;0;0
286;5;0;0;1
286;6;0;0;0
286;7;0;0;0
287;1;0;6119;0
287;2;167;0;0
287;3;331;0;2
287;4;158;0;0
287;5;0;0;1
287;6;0;0;0
287;7;0;0;0
288;1;0;6119;0
288;2;0;0;0
288;3;343;0;2
288;4;168;0;0
288;5;0;0;1
288;6;0;0;0
288;7;0;0;0
289;1;0;6286;0
289;2;0;0;0
289;3;277;0;2
289;4;179;0;0
289;5;78;0;1
289;6;0;0;0
289;7;0;0;0
290;1;0;6286;0
290;2;0;0;0
290;3;289;0;2
290;4;190;0;0
290;5;74;0;5
290;6;0;0;0
290;7;0;0;0
291;1;0;6286;0
291;2;0;0;0
291;3;301;0;2
291;4;118;0;0
291;5;0;0;5
291;6;84;0;0
291;7;0;0;0
292;1;0;6286;0
292;2;74;0;0
292;3;313;0;2
292;4;130;0;0
292;5;0;0;5
292;6;84;0;0
292;7;0;0;0
293;1;0;6286;0
293;2;74;0;0
293;3;325;0;2
293;4;141;0;0
293;5;0;0;5
293;6;0;0;0
293;7;0;0;0
294;1;0;6286;0
294;2;158;0;0
294;3;337;0;2
294;4;154;0;0
294;5;0;0;5
294;6;0;0;0
294;7;0;0;0
295;1;0;6286;0
295;2;0;0;0
295;3;349;0;2
295;4;165;0;0
295;5;0;0;5
295;6;0;0;0
295;7;0;0;0
296;1;0;6444;0
296;2;0;0;0
296;3;280;0;2
296;4;177;0;0
296;5;78;0;8
296;6;0;0;0
296;7;0;0;0
297;1;0;6444;0
297;2;0;0;0
297;3;292;0;2
297;4;188;0;0
297;5;78;0;8
297;6;0;0;0
297;7;0;0;0
298;1;0;6444;0
298;2;0;0;0
298;3;304;0;2
298;4;116;0;0
298;5;0;0;8
298;6;84;0;0
298;7;0;0;0
299;1;0;6444;0
299;2;78;0;0
299;3;316;0;2
299;4;128;0;0
299;5;0;0;8
299;6;84;0;0
299;7;0;0;0
300;1;0;6444;0
300;2;78;0;0
300;3;328;0;2
300;4;139;0;0
300;5;0;0;8
300;6;0;0;0
300;7;0;0;0
301;1;0;6444;0
301;2;162;0;0
301;3;340;0;2
301;4;151;0;0
301;5;0;0;8
301;6;0;0;0
301;7;0;0;0
302;1;0;6444;0
302;2;0;0;0
302;3;352;0;2
302;4;161;0;0
302;5;0;0;8
302;6;0;0;0
302;7;0;0;0
303;1;0;6606;0
303;2;0;0;0
303;3;283;0;2
303;4;172;0;0
303;5;81;0;8
303;6;0;0;0
303;7;0;0;0
304;1;0;6606;0
304;2;0;0;0
304;3;295;0;2
304;4;185;0;0
304;5;81;0;8
304;6;0;0;0
304;7;0;0;0
305;1;0;6606;0
305;2;0;0;0
305;3;307;0;2
305;4;117;0;0
305;5;0;0;8
305;6;81;0;0
305;7;0;0;0
306;1;0;6606;0
306;2;81;0;0
306;3;319;0;2
306;4;128;0;0
306;5;0;0;8
306;6;81;0;0
306;7;0;0;0
307;1;0;6606;0
307;2;81;0;0
307;3;331;0;2
307;4;141;0;0
307;5;0;0;8
307;6;0;0;0
307;7;0;0;0
308;1;0;6606;0
308;2;162;0;0
308;3;343;0;2
308;4;152;0;0
308;5;0;0;8
308;6;0;0;0
308;7;0;0;0
309;1;0;6606;0
309;2;0;0;0
309;3;355;0;2
309;4;166;0;0
309;5;0;0;8
309;6;0;0;0
309;7;0;0;0
310;1;0;6768;0
310;2;0;0;0
310;3;287;0;2
310;4;176;0;0
310;5;70;0;18
310;6;0;0;0
310;7;0;0;0
311;1;0;6768;0
311;2;0;0;0
311;3;299;0;2
311;4;187;0;0
311;5;70;0;18
311;6;0;0;0
311;7;0;0;0
312;1;0;6768;0
312;2;0;0;0
312;3;311;0;2
312;4;122;0;0
312;5;0;0;18
312;6;77;0;0
312;7;0;0;0
313;1;0;6768;0
313;2;70;0;0
313;3;323;0;2
313;4;133;0;0
313;5;0;0;18
313;6;77;0;0
313;7;0;0;0
314;1;0;6768;0
314;2;70;0;0
314;3;335;0;2
314;4;143;0;0
314;5;0;0;18
314;6;0;0;0
314;7;0;0;0
315;1;0;6768;0
315;2;147;0;0
315;3;347;0;2
315;4;155;0;0
315;5;0;0;18
315;6;0;0;0
315;7;0;0;0
316;1;0;6768;0
316;2;0;0;0
316;3;359;0;2
316;4;165;0;0
316;5;0;0;18
316;6;0;0;0
316;7;0;0;0
317;1;0;6915;0
317;2;0;0;0
317;3;296;0;2
317;4;177;0;0
317;5;69;0;24
317;6;0;0;0
317;7;0;0;0
318;1;0;6915;0
318;2;0;0;0
318;3;308;0;2
318;4;188;0;0
318;5;69;0;24
318;6;0;0;0
318;7;0;0;0
319;1;0;6915;0
319;2;0;0;0
319;3;320;0;2
319;4;116;0;0
319;5;0;0;24
319;6;82;0;0
319;7;0;0;0
320;1;0;6915;0
320;2;69;0;0
320;3;332;0;2
320;4;128;0;0
320;5;0;0;24
320;6;82;0;0
320;7;0;0;0
321;1;0;6915;0
321;2;69;0;0
321;3;344;0;2
321;4;142;0;0
321;5;0;0;24
321;6;0;0;0
321;7;0;0;0
322;1;0;6915;0
322;2;151;0;0
322;3;356;0;2
322;4;155;0;0
322;5;0;0;24
322;6;0;0;0
322;7;0;0;0
323;1;0;6915;0
323;2;0;0;0
323;3;368;0;2
323;4;165;0;0
323;5;0;0;24
323;6;0;0;0
323;7;0;0;0
324;1;0;7066;0
324;2;0;0;0
324;3;301;0;2
324;4;176;0;0
324;5;76;0;27
324;6;0;0;0
324;7;0;0;0
325;1;0;7066;0
325;2;0;0;0
325;3;313;0;2
325;4;189;0;0
325;5;76;0;27
325;6;0;0;0
325;7;0;0;0
326;1;0;7066;0
326;2;0;0;0
326;3;325;0;2
326;4;118;0;0
326;5;0;0;27
326;6;81;0;0
326;7;0;0;0
327;1;0;7066;0
327;2;76;0;0
327;3;337;0;2
327;4;128;0;0
327;5;0;0;27
327;6;81;0;0
327;7;0;0;0
328;1;0;7066;0
328;2;76;0;0
328;3;349;0;2
328;4;139;0;0
328;5;0;0;27
328;6;0;0;0
328;7;0;0;0
329;1;0;7066;0
329;2;157;0;0
329;3;361;0;2
329;4;153;0;0
329;5;0;0;27
329;6;0;0;0
329;7;0;0;0
330;1;0;7066;0
330;2;0;0;0
330;3;373;0;2
330;4;164;0;0
330;5;0;0;27
330;6;0;0;0
330;7;0;0;0
331;1;0;7223;0
331;2;0;0;0
331;3;303;0;2
331;4;174;0;0
331;5;80;0;29
331;6;0;0;0
331;7;0;0;0
332;1;0;7223;0
332;2;0;0;0
332;3;315;0;2
332;4;185;0;0
332;5;80;0;29
332;6;0;0;0
332;7;0;0;0
333;1;0;7223;0
333;2;0;0;0
333;3;327;0;2
333;4;115;0;0
333;5;0;0;29
333;6;81;0;0
333;7;0;0;0
334;1;0;7223;0
334;2;80;0;0
334;3;339;0;2
334;4;126;0;0
334;5;0;0;29
334;6;81;0;0
334;7;0;0;0
335;1;0;7223;0
335;2;80;0;0
335;3;351;0;2
335;4;140;0;0
335;5;0;0;29
335;6;0;0;0
335;7;0;0;0
336;1;0;7223;0
336;2;161;0;0
336;3;363;0;2
336;4;153;0;0
336;5;0;0;29
336;6;0;0;0
336;7;0;0;0
337;1;0;7223;0
337;2;0;0;0
337;3;375;0;2
337;4;165;0;0
337;5;0;0;29
337;6;0;0;0
337;7;0;0;0
338;1;0;7384;0
338;2;0;0;0
338;3;302;0;5
338;4;177;0;0
338;5;82;0;29
338;6;0;0;0
338;7;0;0;0
339;1;0;7384;0
339;2;0;0;0
339;3;314;0;5
339;4;189;0;0
339;5;82;0;29
339;6;0;0;0
339;7;0;0;0
340;1;0;7384;0
340;2;0;0;0
340;3;326;0;5
340;4;121;0;0
340;5;0;0;29
340;6;80;0;0
340;7;0;0;0
341;1;0;7384;0
341;2;82;0;0
341;3;338;0;5
341;4;134;0;0
341;5;0;0;29
341;6;80;0;0
341;7;0;0;0
342;1;0;7384;0
342;2;82;0;0
342;3;350;0;5
342;4;144;0;0
342;5;0;0;29
342;6;0;0;0
342;7;0;0;0
343;1;0;7384;0
343;2;162;0;0
343;3;362;0;5
343;4;156;0;0
343;5;0;0;29
343;6;0;0;0
343;7;0;0;0
344;1;0;7384;0
344;2;0;0;0
344;3;366;0;13
344;4;168;0;0
344;5;0;0;29
344;6;0;0;0
344;7;0;0;0
345;1;0;7546;0
345;2;0;0;0
345;3;296;0;13
345;4;181;0;0
345;5;82;0;29
345;6;0;0;0
345;7;0;0;0
346;1;0;7546;0
346;2;0;0;0
346;3;308;0;13
346;4;192;0;0
346;5;82;0;29
346;6;0;0;0
346;7;0;0;0
347;1;0;7546;0
347;2;0;0;0
347;3;320;0;13
347;4;124;0;0
347;5;0;0;29
347;6;80;0;0
347;7;0;0;0
348;1;0;7546;0
348;2;82;0;0
348;3;332;0;13
348;4;137;0;0
348;5;0;0;29
348;6;80;0;0
348;7;0;0;0
349;1;0;7546;0
349;2;82;0;0
349;3;344;0;13
349;4;147;0;0
349;5;0;0;29
349;6;0;0;0
349;7;0;0;0
350;1;0;7546;0
350;2;162;0;0
350;3;356;0;13
350;4;158;0;0
350;5;0;0;29
350;6;0;0;0
350;7;0;0;0
351;1;0;7546;0
351;2;0;0;0
351;3;364;0;17
351;4;169;0;0
351;5;0;0;29
351;6;0;0;0
351;7;0;0;0
352;1;0;7708;0
352;2;0;0;0
352;3;293;0;17
352;4;182;0;0
352;5;83;0;29
352;6;0;0;0
352;7;0;0;0
353;1;0;7708;0
353;2;0;0;0
353;3;305;0;17
353;4;193;0;0
353;5;83;0;29
353;6;0;0;0
353;7;0;0;0
354;1;0;7708;0
354;2;0;0;0
354;3;317;0;17
354;4;121;0;0
354;5;0;0;29
354;6;84;0;0
354;7;0;0;0
355;1;0;7708;0
355;2;83;0;0
355;3;329;0;17
355;4;131;0;0
355;5;0;0;29
355;6;84;0;0
355;7;0;0;0
356;1;0;7708;0
356;2;83;0;0
356;3;341;0;17
356;4;143;0;0
356;5;0;0;29
356;6;0;0;0
356;7;0;0;0
357;1;0;7708;0
357;2;167;0;0
357;3;353;0;17
357;4;154;0;0
357;5;0;0;29
357;6;0;0;0
357;7;0;0;0
358;1;0;7708;0
358;2;0;0;0
358;3;363;0;19
358;4;167;0;0
358;5;0;0;29
358;6;0;0;0
358;7;0;0;0
359;1;0;7875;0
359;2;0;0;0
359;3;292;0;19
359;4;180;0;0
359;5;83;0;29
359;6;0;0;0
359;7;0;0;0
360;1;0;7875;0
360;2;0;0;0
360;3;304;0;19
360;4;193;0;0
360;5;83;0;29
360;6;0;0;0
360;7;0;0;0
361;1;0;7875;0
361;2;0;0;0
361;3;316;0;19
361;4;119;0;0
361;5;0;0;29
361;6;84;0;0
361;7;0;0;0
362;1;0;7875;0
362;2;83;0;0
362;3;328;0;19
362;4;130;0;0
362;5;0;0;29
362;6;84;0;0
362;7;0;0;0
363;1;0;7875;0
363;2;83;0;0
363;3;340;0;19
363;4;142;0;0
363;5;0;0;29
363;6;0;0;0
363;7;0;0;0
364;1;0;7875;0
364;2;167;0;0
364;3;352;0;19
364;4;153;0;0
364;5;0;0;29
364;6;0;0;0
364;7;0;0;0
365;1;0;7875;0
365;2;0;0;0
365;3;362;0;21
365;4;164;0;0
365;5;0;0;29
365;6;0;0;0
365;7;0;0;0
366;1;0;8042;0
366;2;0;0;0
366;3;291;0;21
366;4;176;0;0
366;5;83;0;29
366;6;0;0;0
366;7;0;0;0
367;1;0;8042;0
367;2;0;0;0
367;3;303;0;21
367;4;188;0;0
367;5;83;0;29
367;6;0;0;0
367;7;0;0;0
368;1;0;8042;0
368;2;0;0;0
368;3;315;0;21
368;4;116;0;0
368;5;0;0;29
368;6;83;0;0
368;7;0;0;0
369;1;0;8042;0
369;2;83;0;0
369;3;327;0;21
369;4;128;0;0
369;5;0;0;29
369;6;83;0;0
369;7;0;0;0
370;1;0;8042;0
370;2;83;0;0
370;3;339;0;21
370;4;140;0;0
370;5;0;0;29
370;6;0;0;0
370;7;0;0;0
371;1;0;8042;0
371;2;166;0;0
371;3;351;0;21
371;4;152;0;0
371;5;0;0;29
371;6;0;0;0
371;7;0;0;0
372;1;0;8042;0
372;2;0;0;0
372;3;362;0;22
372;4;164;0;0
372;5;0;0;29
372;6;0;0;0
372;7;0;0;0
373;1;0;8208;0
373;2;0;0;0
373;3;290;0;22
373;4;176;0;0
373;5;84;0;29
373;6;0;0;0
373;7;0;0;0
374;1;0;8208;0
374;2;0;0;0
374;3;302;0;22
374;4;189;0;0
374;5;84;0;29
374;6;0;0;0
374;7;0;0;0
375;1;0;8208;0
375;2;0;0;0
375;3;314;0;22
375;4;121;0;0
375;5;0;0;29
375;6;80;0;0
375;7;0;0;0
376;1;0;8208;0
376;2;84;0;0
376;3;326;0;22
376;4;134;0;0
376;5;0;0;29
376;6;80;0;0
376;7;0;0;0
377;1;0;8208;0
377;2;84;0;0
377;3;338;0;22
377;4;143;0;0
377;5;0;0;29
377;6;0;0;0
377;7;0;0;0
378;1;0;8208;0
378;2;164;0;0
378;3;350;0;22
378;4;154;0;0
378;5;0;0;29
378;6;0;0;0
378;7;0;0;0
379;1;0;8208;0
379;2;0;0;0
379;3;361;0;23
379;4;166;0;0
379;5;0;0;29
379;6;0;0;0
379;7;0;0;0
380;1;0;8372;0
380;2;0;0;0
380;3;289;0;23
380;4;177;0;0
380;5;84;0;29
380;6;0;0;0
380;7;0;0;0
381;1;0;8372;0
381;2;0;0;0
381;3;301;0;23
381;4;190;0;0
381;5;84;0;29
381;6;0;0;0
381;7;0;0;0
382;1;0;8372;0
382;2;0;0;0
382;3;313;0;23
382;4;122;0;0
382;5;0;0;29
382;6;80;0;0
382;7;0;0;0
383;1;0;8372;0
383;2;84;0;0
383;3;325;0;23
383;4;132;0;0
383;5;0;0;29
383;6;80;0;0
383;7;0;0;0
384;1;0;8372;0
384;2;84;0;0
384;3;337;0;23
384;4;142;0;0
384;5;0;0;29
384;6;0;0;0
384;7;0;0;0
385;1;0;8372;0
385;2;164;0;0
385;3;349;0;23
385;4;155;0;0
385;5;0;0;29
385;6;0;0;0
385;7;0;0;0
386;1;0;8372;0
386;2;0;0;0
386;3;360;0;24
386;4;167;0;0
386;5;0;0;29
386;6;0;0;0
386;7;0;0;0
387;1;0;8536;0
387;2;0;0;0
387;3;288;0;24
387;4;179;0;0
387;5;84;0;29
387;6;0;0;0
387;7;0;0;0
388;1;0;8536;0
388;2;0;0;0
388;3;300;0;24
388;4;190;0;0
388;5;84;0;29
388;6;0;0;0
388;7;0;0;0
389;1;0;8536;0
389;2;0;0;0
389;3;312;0;24
389;4;121;0;0
389;5;0;0;29
389;6;81;0;0
389;7;0;0;0
390;1;0;8536;0
390;2;84;0;0
390;3;324;0;24
390;4;134;0;0
390;5;0;0;29
390;6;81;0;0
390;7;0;0;0
391;1;0;8536;0
391;2;84;0;0
391;3;336;0;24
391;4;146;0;0
391;5;0;0;29
391;6;0;0;0
391;7;0;0;0
392;1;0;8536;0
392;2;165;0;0
392;3;348;0;24
392;4;159;0;0
392;5;0;0;29
392;6;0;0;0
392;7;0;0;0
393;1;0;8536;0
393;2;12;0;0
393;3;360;0;24
393;4;171;0;0
393;5;0;0;29
393;6;0;0;0
393;7;0;0;0
394;1;0;8689;0
394;2;12;0;0
394;3;300;0;24
394;4;182;0;0
394;5;72;0;29
394;6;0;0;0
394;7;0;0;0
395;1;0;8689;0
395;2;12;0;0
395;3;312;0;24
395;4;195;0;0
395;5;72;0;29
395;6;0;0;0
395;7;0;0;0
396;1;0;8689;0
396;2;12;0;0
396;3;324;0;24
396;4;124;0;0
396;5;0;0;29
396;6;82;0;0
396;7;0;0;0
397;1;0;8689;0
397;2;84;0;0
397;3;336;0;24
397;4;135;0;0
397;5;0;0;29
397;6;82;0;0
397;7;0;0;0
398;1;0;8689;0
398;2;84;0;0
398;3;348;0;24
398;4;146;0;0
398;5;0;0;29
398;6;0;0;0
398;7;0;0;0
399;1;0;8689;0
399;2;166;0;0
399;3;360;0;24
399;4;157;0;0
399;5;0;0;29
399;6;0;0;0
399;7;0;0;0
400;1;0;8689;0
400;2;0;0;0
400;3;372;0;24
400;4;167;0;0
400;5;0;0;29
400;6;0;0;0
400;7;0;0;0
401;1;0;8855;0
401;2;0;0;0
401;3;311;0;24
401;4;179;0;0
401;5;73;0;29
401;6;0;0;0
401;7;0;0;0
402;1;0;8855;0
402;2;0;0;0
402;3;323;0;24
402;4;191;0;0
402;5;73;0;29
402;6;0;0;0
402;7;0;0;0
403;1;0;8855;0
403;2;0;0;0
403;3;335;0;24
403;4;127;0;0
403;5;0;0;29
403;6;75;0;0
403;7;0;0;0
404;1;0;8855;0
404;2;73;0;0
404;3;347;0;24
404;4;138;0;0
404;5;0;0;29
404;6;75;0;0
404;7;0;0;0
405;1;0;8855;0
405;2;73;0;0
405;3;359;0;24
405;4;151;0;0
405;5;0;0;29
405;6;0;0;0
405;7;0;0;0
406;1;0;8855;0
406;2;148;0;0
406;3;371;0;24
406;4;162;0;0
406;5;0;0;29
406;6;0;0;0
406;7;0;0;0
407;1;0;8855;0
407;2;0;0;0
407;3;383;0;24
407;4;172;0;0
407;5;0;0;29
407;6;0;0;0
407;7;0;0;0
408;1;0;9003;0
408;2;0;0;0
408;3;322;0;24
408;4;183;0;0
408;5;73;0;29
408;6;0;0;0
408;7;0;0;0
409;1;0;9003;0
409;2;0;0;0
409;3;334;0;24
409;4;194;0;0
409;5;73;0;29
409;6;0;0;0
409;7;0;0;0
410;1;0;9003;0
410;2;0;0;0
410;3;346;0;24
410;4;125;0;0
410;5;0;0;29
410;6;82;0;0
410;7;0;0;0
411;1;0;9003;0
411;2;73;0;0
411;3;358;0;24
411;4;138;0;0
411;5;0;0;29
411;6;82;0;0
411;7;0;0;0
412;1;0;9003;0
412;2;73;0;0
412;3;370;0;24
412;4;148;0;0
412;5;0;0;29
412;6;0;0;0
412;7;0;0;0
413;1;0;9003;0
413;2;155;0;0
413;3;382;0;24
413;4;159;0;0
413;5;0;0;29
413;6;0;0;0
413;7;0;0;0
414;1;0;9003;0
414;2;0;0;0
414;3;394;0;24
414;4;169;0;0
414;5;0;0;29
414;6;0;0;0
414;7;0;0;0
415;1;0;9158;0
415;2;0;0;0
415;3;332;0;24
415;4;181;0;0
415;5;74;0;29
415;6;0;0;0
415;7;0;0;0
416;1;0;9158;0
416;2;0;0;0
416;3;344;0;24
416;4;190;0;0
416;5;74;0;29
416;6;0;0;0
416;7;0;0;0
417;1;0;9158;0
417;2;0;0;0
417;3;356;0;24
417;4;124;0;0
417;5;0;0;29
417;6;78;0;0
417;7;0;0;0
418;1;0;9158;0
418;2;74;0;0
418;3;368;0;24
418;4;137;0;0
418;5;0;0;29
418;6;78;0;0
418;7;0;0;0
419;1;0;9158;0
419;2;74;0;0
419;3;380;0;24
419;4;149;0;0
419;5;0;0;29
419;6;0;0;0
419;7;0;0;0
420;1;0;9158;0
420;2;152;0;0
420;3;381;0;35
420;4;161;0;0
420;5;0;0;29
420;6;0;0;0
420;7;0;0;0
421;1;0;9158;0
421;2;0;0;0
421;3;393;0;35
421;4;173;0;0
421;5;0;0;29
421;6;0;0;0
421;7;0;0;0
422;1;0;9310;0
422;2;0;0;0
422;3;331;0;35
422;4;184;0;0
422;5;74;0;29
422;6;0;0;0
422;7;0;0;0
423;1;0;9310;0
423;2;0;0;0
423;3;343;0;35
423;4;195;0;0
423;5;74;0;29
423;6;0;0;0
423;7;0;0;0
424;1;0;9310;0
424;2;0;0;0
424;3;355;0;35
424;4;132;0;0
424;5;0;0;29
424;6;75;0;0
424;7;0;0;0
425;1;0;9310;0
425;2;74;0;0
425;3;367;0;35
425;4;145;0;0
425;5;0;0;29
425;6;75;0;0
425;7;0;0;0
426;1;0;9310;0
426;2;74;0;0
426;3;379;0;35
426;4;158;0;0
426;5;0;0;29
426;6;0;0;0
426;7;0;0;0
427;1;0;9310;0
427;2;149;0;0
427;3;380;0;46
427;4;169;0;0
427;5;0;0;29
427;6;0;0;0
427;7;0;0;0
428;1;0;9310;0
428;2;0;0;0
428;3;392;0;46
428;4;181;0;0
428;5;0;0;29
428;6;0;0;0
428;7;0;0;0
429;1;0;9459;0
429;2;0;0;0
429;3;329;0;46
429;4;192;0;0
429;5;75;0;29
429;6;0;0;0
429;7;0;0;0
430;1;0;9459;0
430;2;0;0;0
430;3;341;0;46
430;4;205;0;0
430;5;75;0;29
430;6;0;0;0
430;7;0;0;0
431;1;0;9459;0
431;2;0;0;0
431;3;353;0;46
431;4;142;0;0
431;5;0;0;29
431;6;77;0;0
431;7;0;0;0
432;1;0;9459;0
432;2;75;0;0
432;3;365;0;46
432;4;154;0;0
432;5;0;0;29
432;6;77;0;0
432;7;0;0;0
433;1;0;9459;0
433;2;75;0;0
433;3;377;0;46
433;4;166;0;0
433;5;0;0;29
433;6;0;0;0
433;7;0;0;0
434;1;0;9459;0
434;2;152;0;0
434;3;379;0;56
434;4;178;0;0
434;5;0;0;29
434;6;0;0;0
434;7;0;0;0
435;1;0;9459;0
435;2;0;0;0
435;3;391;0;56
435;4;189;0;0
435;5;0;0;29
435;6;0;0;0
435;7;0;0;0
436;1;0;9611;0
436;2;0;0;0
436;3;327;0;56
436;4;201;0;0
436;5;76;0;29
436;6;0;0;0
436;7;0;0;0
437;1;0;9611;0
437;2;0;0;0
437;3;339;0;56
437;4;212;0;0
437;5;76;0;29
437;6;0;0;0
437;7;0;0;0
438;1;0;9611;0
438;2;0;0;0
438;3;351;0;56
438;4;149;0;0
438;5;0;0;29
438;6;74;0;0
438;7;0;0;0
439;1;0;9611;0
439;2;76;0;0
439;3;363;0;56
439;4;161;0;0
439;5;0;0;29
439;6;74;0;0
439;7;0;0;0
440;1;0;9611;0
440;2;76;0;0
440;3;375;0;56
440;4;173;0;0
440;5;0;0;29
440;6;0;0;0
440;7;0;0;0
441;1;0;9611;0
441;2;150;0;0
441;3;377;0;66
441;4;183;0;0
441;5;0;0;29
441;6;0;0;0
441;7;0;0;0
442;1;0;9611;0
442;2;0;0;0
442;3;389;0;66
442;4;194;0;0
442;5;0;0;29
442;6;0;0;0
442;7;0;0;0
443;1;0;9761;0
443;2;0;0;0
443;3;323;0;66
443;4;205;0;0
443;5;78;0;29
443;6;0;0;0
443;7;0;0;0
444;1;0;9761;0
444;2;0;0;0
444;3;335;0;66
444;4;216;0;0
444;5;78;0;29
444;6;0;0;0
444;7;0;0;0
445;1;0;9761;0
445;2;0;0;0
445;3;347;0;66
445;4;144;0;0
445;5;0;0;29
445;6;83;0;0
445;7;0;0;0
446;1;0;9761;0
446;2;78;0;0
446;3;359;0;66
446;4;155;0;0
446;5;0;0;29
446;6;83;0;0
446;7;0;0;0
447;1;0;9761;0
447;2;78;0;0
447;3;371;0;66
447;4;167;0;0
447;5;0;0;29
447;6;0;0;0
447;7;0;0;0
448;1;0;9761;0
448;2;161;0;0
448;3;374;0;75
448;4;179;0;0
448;5;0;0;29
448;6;0;0;0
448;7;0;0;0
449;1;0;9761;0
449;2;0;0;0
449;3;386;0;75
449;4;189;0;0
449;5;0;0;29
449;6;0;0;0
449;7;0;0;0
450;1;0;9922;0
450;2;0;0;0
450;3;319;0;75
450;4;200;0;0
450;5;79;0;29
450;6;0;0;0
450;7;0;0;0
451;1;0;9922;0
451;2;0;0;0
451;3;331;0;75
451;4;212;0;0
451;5;79;0;29
451;6;0;0;0
451;7;0;0;0
452;1;0;9922;0
452;2;0;0;0
452;3;343;0;75
452;4;147;0;0
452;5;0;0;29
452;6;77;0;0
452;7;0;0;0
453;1;0;9922;0
453;2;79;0;0
453;3;355;0;75
453;4;161;0;0
453;5;0;0;29
453;6;77;0;0
453;7;0;0;0
454;1;0;9922;0
454;2;79;0;0
454;3;367;0;75
454;4;174;0;0
454;5;0;0;29
454;6;0;0;0
454;7;0;0;0
455;1;0;9922;0
455;2;156;0;0
455;3;371;0;83
455;4;186;0;0
455;5;0;0;29
455;6;0;0;0
455;7;0;0;0
456;1;0;9922;0
456;2;0;0;0
456;3;383;0;83
456;4;198;0;0
456;5;0;0;29
456;6;0;0;0
456;7;0;0;0
457;1;0;10078;0
457;2;0;0;0
457;3;315;0;83
457;4;211;0;0
457;5;80;0;29
457;6;0;0;0
457;7;0;0;0
458;1;0;10078;0
458;2;0;0;0
458;3;327;0;83
458;4;224;0;0
458;5;80;0;29
458;6;0;0;0
458;7;0;0;0
459;1;0;10078;0
459;2;0;0;0
459;3;339;0;83
459;4;152;0;0
459;5;0;0;29
459;6;84;0;0
459;7;0;0;0
460;1;0;10078;0
460;2;80;0;0
460;3;351;0;83
460;4;164;0;0
460;5;0;0;29
460;6;84;0;0
460;7;0;0;0
461;1;0;10078;0
461;2;80;0;0
461;3;363;0;83
461;4;175;0;0
461;5;0;0;29
461;6;0;0;0
461;7;0;0;0
462;1;0;10078;0
462;2;164;0;0
462;3;369;0;89
462;4;187;0;0
462;5;0;0;29
462;6;0;0;0
462;7;0;0;0
463;1;0;10078;0
463;2;0;0;0
463;3;381;0;89
463;4;199;0;0
463;5;0;0;29
463;6;0;0;0
463;7;0;0;0
464;1;0;10242;0
464;2;0;0;0
464;3;312;0;89
464;4;213;0;0
464;5;81;0;29
464;6;0;0;0
464;7;0;0;0
465;1;0;10242;0
465;2;0;0;0
465;3;324;0;89
465;4;225;0;0
465;5;81;0;29
465;6;0;0;0
465;7;0;0;0
466;1;0;10242;0
466;2;0;0;0
466;3;336;0;89
466;4;158;0;0
466;5;0;0;29
466;6;77;0;0
466;7;0;0;0
467;1;0;10242;0
467;2;81;0;0
467;3;348;0;89
467;4;170;0;0
467;5;0;0;29
467;6;77;0;0
467;7;0;0;0
468;1;0;10242;0
468;2;81;0;0
468;3;360;0;89
468;4;182;0;0
468;5;0;0;29
468;6;0;0;0
468;7;0;0;0
469;1;0;10242;0
469;2;158;0;0
469;3;367;0;94
469;4;193;0;0
469;5;0;0;29
469;6;0;0;0
469;7;0;0;0
470;1;0;10242;0
470;2;0;0;0
470;3;379;0;94
470;4;204;0;0
470;5;0;0;29
470;6;0;0;0
470;7;0;0;0
471;1;0;10400;0
471;2;0;0;0
471;3;310;0;94
471;4;216;0;0
471;5;81;0;29
471;6;0;0;0
471;7;0;0;0
472;1;0;10400;0
472;2;0;0;0
472;3;322;0;94
472;4;226;0;0
472;5;81;0;29
472;6;0;0;0
472;7;0;0;0
473;1;0;10400;0
473;2;0;0;0
473;3;334;0;94
473;4;159;0;0
473;5;0;0;29
473;6;79;0;0
473;7;0;0;0
474;1;0;10400;0
474;2;81;0;0
474;3;346;0;94
474;4;172;0;0
474;5;0;0;29
474;6;79;0;0
474;7;0;0;0
475;1;0;10400;0
475;2;81;0;0
475;3;358;0;94
475;4;184;0;0
475;5;0;0;29
475;6;0;0;0
475;7;0;0;0
476;1;0;10400;0
476;2;160;0;0
476;3;366;0;98
476;4;196;0;0
476;5;0;0;29
476;6;0;0;0
476;7;0;0;0
477;1;0;10400;0
477;2;0;0;0
477;3;378;0;98
477;4;208;0;0
477;5;0;0;29
477;6;0;0;0
477;7;0;0;0
478;1;0;10560;0
478;2;0;0;0
478;3;308;0;98
478;4;219;0;0
478;5;82;0;29
478;6;0;0;0
478;7;0;0;0
479;1;0;10560;0
479;2;0;0;0
479;3;320;0;98
479;4;232;0;0
479;5;82;0;29
479;6;0;0;0
479;7;0;0;0
480;1;0;10560;0
480;2;0;0;0
480;3;332;0;98
480;4;171;0;0
480;5;0;0;29
480;6;74;0;0
480;7;0;0;0
481;1;0;10560;0
481;2;82;0;0
481;3;344;0;98
481;4;183;0;0
481;5;0;0;29
481;6;74;0;0
481;7;0;0;0
482;1;0;10560;0
482;2;82;0;0
482;3;356;0;98
482;4;195;0;0
482;5;0;0;29
482;6;0;0;0
482;7;0;0;0
483;1;0;10560;0
483;2;156;0;0
483;3;365;0;101
483;4;205;0;0
483;5;0;0;29
483;6;0;0;0
483;7;0;0;0
484;1;0;10560;0
484;2;0;0;0
484;3;377;0;101
484;4;217;0;0
484;5;0;0;29
484;6;0;0;0
484;7;0;0;0
485;1;0;10716;0
485;2;0;0;0
485;3;307;0;101
485;4;228;0;0
485;5;82;0;29
485;6;0;0;0
485;7;0;0;0
486;1;0;10716;0
486;2;0;0;0
486;3;319;0;101
486;4;240;0;0
486;5;82;0;29
486;6;0;0;0
486;7;0;0;0
487;1;0;10716;0
487;2;0;0;0
487;3;331;0;101
487;4;176;0;0
487;5;0;0;29
487;6;75;0;0
487;7;0;0;0
488;1;0;10716;0
488;2;82;0;0
488;3;343;0;101
488;4;189;0;0
488;5;0;0;29
488;6;75;0;0
488;7;0;0;0
489;1;0;10716;0
489;2;82;0;0
489;3;355;0;101
489;4;200;0;0
489;5;0;0;29
489;6;0;0;0
489;7;0;0;0
490;1;0;10716;0
490;2;157;0;0
490;3;364;0;104
490;4;211;0;0
490;5;0;0;29
490;6;0;0;0
490;7;0;0;0
491;1;0;10716;0
491;2;0;0;0
491;3;376;0;104
491;4;221;0;0
491;5;0;0;29
491;6;0;0;0
491;7;0;0;0
492;1;0;10873;0
492;2;0;0;0
492;3;305;0;104
492;4;232;0;0
492;5;83;0;29
492;6;0;0;0
492;7;0;0;0
493;1;0;10873;0
493;2;0;0;0
493;3;317;0;104
493;4;243;0;0
493;5;83;0;29
493;6;0;0;0
493;7;0;0;0
494;1;0;10873;0
494;2;0;0;0
494;3;329;0;104
494;4;176;0;0
494;5;0;0;29
494;6;78;0;0
494;7;0;0;0
495;1;0;10873;0
495;2;83;0;0
495;3;341;0;104
495;4;187;0;0
495;5;0;0;29
495;6;78;0;0
495;7;0;0;0
496;1;0;10873;0
496;2;83;0;0
496;3;353;0;104
496;4;197;0;0
496;5;0;0;29
496;6;0;0;0
496;7;0;0;0
497;1;0;10873;0
497;2;161;0;0
497;3;363;0;106
497;4;207;0;0
497;5;0;0;29
497;6;0;0;0
497;7;0;0;0
498;1;0;10873;0
498;2;0;0;0
498;3;375;0;106
498;4;220;0;0
498;5;0;0;29
498;6;0;0;0
498;7;0;0;0
499;1;0;11034;0
499;2;0;0;0
499;3;304;0;106
499;4;231;0;0
499;5;83;0;29
499;6;0;0;0
499;7;0;0;0
500;1;0;11034;0
500;2;0;0;0
500;3;316;0;106
500;4;243;0;0
500;5;83;0;29
500;6;0;0;0
500;7;0;0;0
